c7d291bb-8188-4162-9f14-078b5c0635a9,ak,99512,jambrozek,lissa, 460.560000
061b805d-3881-4985-9d62-2557deb52a77,ak,99517,chsteney,monika, 2.450000
880a13e7-a07b-464a-a6d3-cb893e65dc66,ak,99517,neissen,monro, 340.740000
5b46db5a-a35a-455b-83f8-33fbe8c3d8c0,ak,99599,buddell,coralie, 92.440000
d5984531-36a1-4033-a0cc-a6d15f562a09,ak,99790,fearfull,stephen, 852.110000
696624fd-01c9-40be-b19b-4104df9fed69,ak,99790,lippett,louisa, 792.740000
088019fa-23bc-47e1-83b4-4ebf54028667,al,35210,conradie,hunt, 420.820000
d7ba18ad-738d-44f5-85f9-57547979e7c1,al,35215,prestwich,mortie, 953.420000
180e5d31-9c57-487d-ab9e-b112f1a80e53,al,35220,teresi,red, 960.650000
2bb0d5a5-06c4-4939-9a93-4af04543ea91,al,35231,peche,marshall, 898.280000
0aa46b4b-c906-4118-90b2-7e10bb0355c9,al,35236,toll,rriocard, 612.340000
ab4bab24-9945-473e-b253-75bad5a7cb00,al,35244,kleiser,perl, 822.170000
ea0b8250-9a54-46bd-82b8-9e5defb67680,al,35263,wynn,jenilee, 56.150000
dd2fb564-3d7f-4f17-9867-2002fa43c6e7,al,35295,bellward,chanda, 941.150000
f77f0d54-31c6-4859-ad27-52b6ae7fdad0,al,35487,harome,lawton, 443.320000
c8514e92-744e-43f0-af27-bde31a36732a,al,35805,lorenzetto,laurie, 857.480000
388f0e63-af46-4ec4-9f17-8163dc5e4627,al,35805,mewton,terrijo, 914.820000
3153178c-a3fb-44d3-896f-f39da69fe826,al,35895,bakhrushkin,obed, 477.180000
fe680e71-4c51-4bfc-99a7-9b629419f048,al,35895,iredale,beatrix, 71.500000
016e54ec-3e84-478c-9eaa-82d280a9dbe3,al,36109,mcginnis,jonas, 705.580000
37a8d11e-0452-4794-b9e4-9b3ef450179e,al,36114,altamirano,kathryne, 789.820000
9c03d9f2-d62a-4bac-9dfc-c3e361c766ba,al,36119,stonard,katharine, 5.310000
ddcec7e5-1795-4792-b4fd-ad331b19e67b,al,36125,tamblingson,valera, 322.340000
d9769eb1-7fb5-432e-93d0-0d5dec9d8196,al,36177,tottem,richard, 102.540000
a622cf4d-019e-4e92-bd2c-a51b4235dec4,al,36205,heinreich,constancia, 274.560000
9bf5ab9b-6129-4056-95c2-cf921d8d5750,al,36628,sidgwick,karla, 795.610000
03acde30-477d-442a-897e-ac184cb17f71,al,36641,bovingdon,vlad, 51.380000
01b19c68-5cef-45a8-ada1-11b6cbf4e121,al,36689,kleimt,kathryne, 232.950000
2909d01a-8dfd-4d0f-87a3-51862b4e9d11,al,36689,norton,chicky, 265.250000
145dc79e-1a67-44ab-b9ee-40d551fd0694,ar,71914,dinley,isaiah, 458.910000
6c4d6b14-fa4d-4386-a589-f468eb392e60,ar,72222,denzey,gualterio, 284.220000
a0845840-ac21-482d-9e8a-a50c1d1411b0,ar,72222,haig,berte, 973.540000
2d69fd8b-0cbf-4126-a52a-67bb290671ef,ar,72231,garside,renell, 675.150000
bbe15244-59f9-4c87-aad2-db3cae45292d,az,85030,macaless,mart, 243.540000
dfdea0f0-2373-4762-8d29-4699087bd665,az,85030,patters,tristam, 547.500000
e9eaf826-3fe9-436c-b7ca-35efc34216aa,az,85030,selwin,damon, 391.310000
eb11793d-247a-4f9a-b4ad-5dbbdc57a667,az,85045,schreurs,feodor, 687.290000
34c9eaf5-a0d5-4cbb-a183-3d34fc8b22a7,az,85062,chasteney,krishnah, 564.420000
d34da027-3202-43c0-916b-83b091c92e15,az,85077,kingscote,terry, 867.660000
8bd89630-6c3f-4c85-b829-a0d6cefa548b,az,85077,whitehall,jolene, 175.980000
30e600c3-816a-4a36-8af7-9c7c6d2e9eb8,az,85099,latchmore,antonella, 823.350000
37e5cccc-cf4b-45a7-8c54-2e20e3e25b66,az,85255,clifforth,ronalda, 611.960000
f6ac8f30-0232-488c-b533-18bd79f0acd4,az,85255,spilsted,clarey, 311.720000
211a9dbb-b2c9-4773-9742-403b8ea98987,az,85271,blissitt,travers, 999.010000
2e691cc3-9522-47c7-a0d2-4553ae3217f4,az,85311,mattiazzi,jo, 140.480000
32ce1f08-7834-4e50-8c85-32354f36d99c,az,85705,o' hanvey,whittaker, 475.620000
2196043a-646b-4304-a084-8b7884da59f5,az,85725,rodnight,husain, 638.520000
741b4881-2d57-496a-90ed-ccd3945f3692,az,85737,palfery,gus, 560.760000
1509abf3-64ac-42bd-ac12-fed8584d0f99,az,85754,macelane,brande, 749.690000
15f2b319-3e83-492d-857c-dec711e76494,ca,,andree,nahum, 98.930000
1fcf8745-8bfd-4ec8-9806-43dcf5bfa15a,ca,,gotobed,annabelle, 778.620000
06930972-b2f8-4b5a-9972-60fba7b6b285,ca,,swine,estell, 981.790000
6de28ef8-beff-4ee9-9441-cee4d99e399f,ca,,willbraham,nicky, 928.240000
875a6de7-7989-45a7-9329-38c49b1a52d8,ca,90005,shingfield,wylma, 63.630000
25763f2c-84fe-4d01-9e1b-4cbe8790daf2,ca,90005,zambon,marietta, 491.710000
8cc765f6-ae2a-4f84-ba8b-acf78a6792ed,ca,90020,kliemke,edmon, 683.410000
f2edc694-f74d-4482-9166-c14b55df1f82,ca,90025,quirke,terence, 622.980000
c189f858-24ea-45e8-830b-2b883823e85a,ca,90025,scarre,waiter, 844.550000
c77ea913-c4a2-4ff6-b615-26028b375fda,ca,90035,adamini,wye, 243.540000
8b1f8342-e019-4d65-9c81-0762ae182f18,ca,90040,gallafant,averill, 19.230000
14f11be8-3583-48da-a239-30704b197176,ca,90045,berthe,pamella, 106.300000
f7b035aa-b6a7-4c9c-ad2c-029f68a4d873,ca,90050,howland,daryl, 667.140000
c8d31306-976a-4e76-aadb-e0d4af03aa7b,ca,90055,cawkwell,claiborn, 503.310000
3ca515c6-46fa-475c-87e7-93f60d412ced,ca,90060,schurig,kerk, 673.040000
550391ea-daa4-4adc-ba0d-3a2cdbe081fc,ca,90076,moyle,farrah, 911.950000
218c8cb6-5a8e-42b9-b6e2-2754121e2d3d,ca,90094,le galle,angele, 996.400000
f47b6dc8-baf3-43b9-889c-70a3849fff1c,ca,90189,aspinwall,audra, 358.140000
afaa9f29-4e08-4205-b13c-b1a65830e211,ca,90410,renny,ezmeralda, 816.600000
8b46dfce-d30f-4395-8368-b4a49d3533b2,ca,90505,cobbled,garvey, 270.500000
51f9a8d1-6e44-4099-b3c2-d1f5b6e3ef42,ca,90610,beazley,napoleon, 751.260000
2d148d84-ea00-45a9-8d3f-f64339535c62,ca,90805,gosland,quinn, 61.170000
2efce953-7d70-4b7d-811a-1bca150ea7cc,ca,90805,manginot,karlie, 785.110000
4cbfc8de-4f1e-4563-a670-f6e6c02a74e4,ca,90831,costen,cyb, 708.090000
54d8540a-2244-4551-97db-81c228ccbcf1,ca,91109,monger,engelbert, 7.300000
658406c6-8279-4fb9-bb2a-0adc1b556831,ca,91199,borth,giff, 172.030000
2221b3a4-5c8a-4832-a750-738f2c358ec4,ca,91505,dagnall,elana, 901.770000
c3a748df-2a5e-42db-ac60-ef2876a57f47,ca,91520,norcutt,tonye, 141.910000
f364ba7a-1de0-4fa1-893e-b4f6b355574c,ca,91606,goodey,melisa, 459.290000
0b0c7c7a-526d-4d39-b64f-7b9d7a7f33cf,ca,92105,dradey,lazar, 261.310000
9cef8e3b-9790-494e-8db4-c323952031cf,ca,92153,scurr,brnaba, 162.680000
18e76fa3-4296-415c-af9a-6834c5c2d746,ca,92160,spriddle,alli, 514.890000
8a2d0596-b5d8-40d6-b9b0-c14991d1f902,ca,92165,camacke,adams, 167.420000
b5bc7cef-63ea-4919-8ceb-ed94b11214b5,ca,92410,curtis,isidoro, 323.670000
f21c5d1a-45f2-44e3-8b9e-7316f646a965,ca,92640,wulfinger,giraldo, 856.360000
94c8b20a-a994-456f-a3ef-f5e05133df9c,ca,92645,guiver,kendricks, 381.950000
b1e2b88f-350f-45e1-90a4-e9b7a81209d7,ca,92648,duffitt,wye, 14.730000
3898f825-2c95-4f8c-8a9a-5876c81d1e9e,ca,92717,lamball,conchita, 786.140000
e2928026-4ee3-40dd-98c6-fd58db1ad52c,ca,92805,turfus,ezekiel, 254.900000
88b45eea-baf8-460e-b41f-b43ff3a6cf80,ca,92822,spread,britteny, 538.110000
a6ad9c6b-6a12-4ce1-831b-4fb6e87786be,ca,92835,bryett,efrem, 462.040000
8d74ef73-60d3-45d2-a4d9-0eb54a5ee10f,ca,92835,semiras,edita, 703.980000
e8a49d9f-a852-4206-913b-e5e3778afdff,ca,92862,worms,wilmette, 772.810000
11debee4-3df2-43e2-82ae-5f86e0a92e08,ca,92883,kremer,whit, 390.580000
172370e2-c8f9-43a1-b61c-bcdd464231cd,ca,93094,beeswing,chad, 935.560000
ff7df279-f0f2-4782-bab2-34559cfdd7f2,ca,93094,coot,terri,736.420000 
dcb51d6e-e982-45b8-a20c-0183b9873e1e,ca,93150,wann,arin, 916.010000
abc4648d-264b-4996-b14b-f35475aa69a7,ca,93291,keemer,lonee, 685.700000
adee9d30-7abe-4a32-a4d5-4f84a1c03196,ca,93305,bugs,langsdon, 677.520000
7d06f02f-5d35-445c-bf58-5032a8b623a9,ca,93399,callam,celinda, 291.520000
3dac9aea-2572-445e-a0f9-85d419670fc3,ca,93584,cassam,angelica, 97.410000
c6be89c0-2473-4d35-8f8e-c46e8a3b04ca,ca,93584,peotz,sophronia, 398.850000
ee7bd6b4-6ac7-4606-b692-38910018bb15,ca,93591,ambrosio,nataline, 841.010000
3f91aeb7-e1ce-4f84-86ac-456219f97e10,ca,93740,cargill,marisa, 36.850000
384bd1af-2f9f-428c-be02-915e040742d7,ca,93750,briffett,robby, 594.280000
cb2afb08-e595-4231-be74-814ca19e3234,ca,93750,tongue,gisela, 716.720000
dc102c5f-fb97-4b5b-a323-4a63486dbe7d,ca,93778,taw,broderic, 38.740000
6f19ad2b-a5cb-4b95-9eda-5718cebe82a7,ca,93786,de malchar,keefer, 640.840000
e2afb437-bf14-4c51-80a2-653459362d91,ca,93786,maccafferty,arch, 852.430000
77bda9ad-c9c5-4518-be10-78370d2862c6,ca,93794,imesson,devon, 177.390000
ece714b9-7a05-4f76-b37f-23f2d13076a2,ca,94132,morrant,vania, 216.740000
b45d0b35-0f45-4e49-8c92-645c3d57a031,ca,94142,evered,sophi, 846.590000
442200ba-13ef-4261-a07a-140787f64351,ca,94154,lepard,caldwell, 682.830000
3b27eb33-3355-4277-9fa2-3dc5735db3f7,ca,94154,verni,faustine, 721.280000
a3f5a11e-041d-4ae2-9ced-b63dde687d4f,ca,94207,bergin,heidie, 677.210000
2357ac2d-8457-48fb-b4c1-9051ab9452c2,ca,94207,colby,willy, 589.730000
dd9b8ecb-dffe-43e0-bd63-ef9fe9477934,ca,94245,di franceshci,steffane, 678.660000
d2c0d35b-3fa0-4f84-a228-d76e59db68d3,ca,94273,spence,locke, 832.980000
22d3e1df-53af-4778-947f-daedaaafc285,ca,94291,dell casa,rosamund, 300.510000
260b957f-ede5-42f5-8cdf-840cd6dcad8a,ca,94297,longman,amby, 123.660000
0ea36f0f-6748-486b-ac33-1c31d1590020,ca,94705,tassaker,shalne, 399.010000
02a7c2fc-444b-4761-b189-5a3a0717ef3a,ca,94913,kleeborn,abdel, 945.320000
25584608-9a51-4218-96d8-ae7a83b4ead9,ca,94975,clothier,ibrahim, 52.820000
ee285834-6261-4675-876a-c53ffdfd0cf4,ca,94975,hymor,roberto, 245.840000
d789fec7-5557-4319-8816-d70fbe97a11c,ca,95160,adamowitz,lorinda, 630.170000
f656c461-8d75-4b6a-a73f-af0305188fd4,ca,95194,petracco,allis, 787.240000
3c01c0ff-bf2b-48e4-ae2b-78d7783a916b,ca,95219,greenaway,tove, 100.450000
2e466721-233c-4d0a-9cf8-ca0017eed03a,ca,95219,mccool,marchall, 572.110000
3e99404a-c949-4b9e-88c2-ca5b6bd95528,ca,95813,reddel,kale, 433.940000
79259971-d783-44af-8b6f-02b8e4423985,ca,95823,caldera,saxon, 438.360000
ee7360f4-219e-43cb-baeb-6958f60a6d09,ca,95838,edlin,becca, 80.750000
005b6837-4ba4-4b3a-9e2f-ace11b3dd2ac,ca,95894,youings,reyna, 554.990000
0bdb2ecc-ca68-4ddf-a20d-2505f15ae74c,co,80005,kiendl,ripley, 982.070000
780d7f08-9c0e-435b-bb53-855b2cf808d5,co,80044,roads,jeramey, 340.050000
da6d835a-e070-4288-b7c7-af7bf59bbbbe,co,80044,snaddon,mamie, 583.680000
530ce9ef-213f-46e4-842b-4ddaf7bbe8f2,co,80045,skally,jule, 821.410000
0f718e15-19a3-421b-9be0-1743872e3696,co,80126,michelotti,marjory, 430.800000
00541b47-91d9-46db-855a-2fb333d61b71,co,80126,tattoo,phoebe, 663.470000
582fb5d5-75c6-49c5-ba96-435147447eb3,co,80127,whittock,emelina, 891.440000
ca98268e-31b2-49e3-87f5-c0b2d1311b4f,co,80150,bausmann,kimberlyn, 619.990000
6331d6ee-1f97-476f-802c-f6869a63b9d9,co,80150,garn,minni, 454.810000
8febc68d-a46e-473f-8581-bfc851e2aa85,co,80150,ivankovic,bettine, 187.220000
72e501ba-0187-4dc8-8957-e2ece2406c56,co,80150,warren,arron, 464.840000
592ae878-a799-4471-b82b-856fd24acc1f,co,80209,alessandrucci,miriam, 246.210000
30b77f63-fa6f-4884-bcfe-4f57c9e0b044,co,80217,brobeck,shani, 297.840000
48f7b5d1-bc19-44c9-b05e-650462553318,co,80223,hatwells,robin, 801.870000
c792f050-9e98-4ace-a779-0773c5d22018,co,80228,spon,pooh, 533.250000
87b0f479-3b08-425d-896f-326d10dbfc89,co,80241,cashell,jelene, 550.590000
e49a5384-ff08-4e13-8639-9a5594499ec7,co,80243,millican,clea, 515.700000
14d94e66-f79f-4184-b58a-30e324c40979,co,80255,ballaam,zared, 71.770000
d74ce293-3ea1-46d8-959e-9235c01695ec,co,80310,fickling,babbie, 533.080000
04195708-ca00-4fab-ab95-95f9b8f5220c,co,80310,leworthy,flss, 264.890000
12bf271e-7188-4c2d-bab1-cbaeb6b8e04f,co,80638,edmeads,karlis, 983.360000
2c971dce-cdb2-4176-8501-7366b93d7d21,co,80905,mehaffey,wayland, 875.390000
bd946361-7411-4fa3-a61b-c47dd43666a3,co,80915,joriot,lee, 618.250000
d930a1c3-92c9-4dbd-87e3-186218920dad,co,80915,korpal,diann, 258.530000
0f3f4338-208b-4d9d-a99a-83463435c8a3,co,80940,patershall,sauveur, 242.650000
391c5b95-6d77-4821-8cf6-5c3eeac75c2a,co,81010,pickervance,bennie, 146.070000
b73b8f3e-2341-4c23-a0f1-292283a70831,co,81015,mcnern,bartholomeo, 468.240000
5be8f612-afcc-4364-9272-f2f5e70b5289,ct,6105,docker,georgie, 212.910000
32af835b-547b-450b-9f42-18cbaf222fae,ct,6105,stainland,helen-elizabeth, 265.350000
8c00ce4b-0eed-4281-a41c-13b5249ec349,ct,6140,corey,ethelind, 501.160000
4a6bf3fd-f24c-4e90-b19d-c9f9a83b7266,ct,6145,eble,brewster, 841.870000
cce95e14-b2d7-45a4-9f43-83e46693cab0,ct,6160,reye,jabez, 325.590000
b683e147-bf4e-4565-aa7e-7e934889d00d,ct,6505,eisak,cole, 932.130000
549bc6ad-a16a-4b6b-a3b9-d8be2a4b507b,ct,6510,heindle,linoel, 397.590000
521d5147-aae7-45ac-a09e-e00e674f84d2,dc,20005,codner,kali, 618.230000
8a3d6239-a713-46b8-a14a-ef7339c9b6bb,dc,20029,clampe,doretta, 634.040000
1709314d-c9e3-4ce6-aba4-57623ad63815,dc,20051,rabidge,desi, 810.090000
dd6c4e50-348e-4f8d-8a54-540217f191ec,dc,20062,shipman,rikki, 673.970000
712b7909-4c8d-4d39-a559-a0dede81b0ed,dc,20067,olding,aveline, 734.020000
9eb3be51-2e7a-4d31-93ab-23c132e1a74c,dc,20067,pooke,raven, 363.520000
aad8e27c-413e-4324-ad81-938f4bd3ee02,dc,20067,roxburch,alexis, 30.890000
b54a2bab-649c-4f58-9ce3-de782c8afc34,dc,20088,fermin,rosalyn, 479.580000
6fca016e-686c-4827-a783-70f42034c07a,dc,20215,hibbart,merle, 93.080000
1d540013-96da-479a-a806-d444d6a9beeb,dc,20226,fennick,kimball, 1131.640000
5bc5141e-0ffe-4518-b7bf-034169ba757e,dc,20226,whopples,philipa, 295.180000
f675cb64-4b4f-4899-a2fe-6a0f727065f0,dc,20231,gilleson,alberik, 128.370000
5e233437-177b-4e14-8c09-9ffdb56029db,dc,20244,hauck,tildie, 446.230000
cec7abc6-93fe-4072-a382-65c9208d5567,dc,20268,kilbane,alisander, 587.190000
2b8fbd7b-4fd9-4349-9aff-7a39ead1b2d5,dc,20337,hurndall,ase, 255.380000
acf04298-64d7-4c32-bd69-4df392d14f4d,dc,20337,michell,dominique, 564.100000
eecc4eab-4c5e-48af-b813-a1e934d55a45,dc,20425,eynon,grete, 924.070000
e5acafc0-ee97-4b04-90ad-5db8aa1b272a,dc,20442,hargitt,hatty, 147.440000
31a29c8f-a35e-40d5-a375-b147c8d38f8f,dc,20456,borrell,claudie, 403.990000
e8922560-24bd-49ef-9209-1d13a5c79720,dc,20470,larkcum,bendicty, 38.610000
32e840e8-b53f-4121-b668-1b28e85b83b4,dc,20503,egerton,georgine, 994.550000
c25e533c-e5ce-4be7-896f-461b2f3eeb2b,dc,20525,niese,efrem, 10.240000
1e5101f4-be6f-4371-b2cb-faedaf124652,dc,20530,stones,timotheus, 514.980000
92607863-6bf5-4a14-9b79-8d7a7b68b069,dc,20546,chamney,ebonee, 416.160000
e9b0aa31-445b-40eb-ae9a-3894219e32f3,dc,20551,mcclements,kim, 793.830000
efc38be8-7a12-4845-b4d1-6ed6d434ee68,dc,20591,hugueville,bar, 446.040000
de63b5af-f00a-4d2c-923e-d2fc260be940,dc,20599,o'corr,mickie, 202.870000
9721fa91-f0e7-4ab0-b892-031ed3872931,dc,56944,gouny,elston, 167.670000
dd5a16af-e444-4ee2-9c80-088047dcff8b,de,19714,pettiward,olag, 851.220000
d671f66b-dd34-47e2-937c-d54ef03bb9cf,de,19810,riditch,langsdon, 985.290000
9369a79f-2e1b-49e3-8171-2ff716123c11,fl,32092,ireland,tallie, 6.010000
34bcde3c-b043-4aa5-9c46-6d1417058d09,fl,32092,wathell,lela, 548.950000
a0e6ac52-7060-4376-b1b9-f831e3c014de,fl,32128,tourmell,jesus, 113.860000
1241ebfa-9587-4295-a1a9-76c44b8f8310,fl,32204,dureden,tull, 505.610000
dc42a754-c84c-42eb-b8e5-a5345f5055e2,fl,32215,thorbon,johnnie, 380.530000
b364ea87-f6e8-4dd9-a1e0-14cdad73b71b,fl,32225,goard,graham, 485.080000
5e584404-d91f-4673-9b26-b251a078b601,fl,32244,ferroli,ambrosi, 710.740000
fc8d31a4-bcb4-490b-87a3-7684f268d4aa,fl,32309,prando,hewie, 389.810000
9d95f79c-cfbc-48cb-bd24-f51071853a93,fl,32314,end,ive, 126.120000
e335ce94-3244-4ad2-b9e4-f0cdacb77cd2,fl,32405,blenkinship,kassie, 747.200000
639c9fa2-2923-4cb6-82b1-83bf791ad403,fl,32405,mundwell,hanan, 299.430000
efd5c6fd-689b-4389-9f93-36bf780ce87c,fl,32505,colcomb,cosimo, 371.670000
ab5d0d52-9060-4748-95b7-0a222b4fd647,fl,32505,pervoe,letizia, 105.330000
44a977dd-b285-4ce7-989b-2096841c75f4,fl,32575,tailour,glynnis, 993.040000
68c097b5-dc39-4bc2-8637-b6db9efe9e8b,fl,32610,gozzett,friedrich, 886.610000
de1b6887-b4c8-41d9-9c5b-ab9d3a059185,fl,32803,bywaters,winifred, 393.440000
7f8dec32-e966-4f07-b879-0db9c661d2b5,fl,32808,buckingham,lissa, 44.080000
bdd89a9f-2022-4d7a-8e97-8638119f2d4b,fl,32813,chalice,ainsley, 12.440000
330ed9df-8e03-4e79-86fe-225409576565,fl,32830,sibun,garnet, 756.650000
ddf80570-9a9e-44d1-9200-4df3f16d9150,fl,32835,cuxon,mei, 418.580000
15ee36c7-bb38-4dfe-93e8-b2ca886e96b1,fl,32868,piddlesden,collette, 988.720000
145e0ebf-8419-427a-a3ad-174000c6a8f6,fl,32891,miskelly,joletta, 105.270000
99d9c672-1119-4f52-a99d-d13e1c73a3c7,fl,32909,callway,abba, 687.420000
4d34d294-b449-4421-9695-e6a2a34f73bd,fl,33018,dews,brendis, 646.170000
d46e1ab8-641d-485e-902e-2b0ac35f7e88,fl,33034,mayor,miltie, 21.640000
14ef61d7-eb27-4669-88d1-ebd0250506ce,fl,33034,wassung,jasun, 916.330000
4555a22d-8661-42a2-bd91-228cab13d741,fl,33069,mcrobbie,martino, 154.490000
c419f3ea-a428-4a95-9988-1f80d9ed7037,fl,33111,haig,olivero, 980.830000
8a65e2ae-4678-439f-821c-393499d179fa,fl,33134,eykelbosch,missie, 74.430000
b43c1fd8-0a9b-4b62-a3c7-c8802b7921a5,fl,33180,gallegos,prent, 947.660000
fcaeb5da-d030-49d9-aec7-3f0ee42164d7,fl,33245,hutcheon,toddy, 306.210000
bab6bbf5-8e8f-449d-9ed3-b87f6acf5dd7,fl,33305,londors,axel, 225.110000
9ccf4548-8574-48d3-bf91-e75e1f66787e,fl,33320,kyllford,maurizio, 537.460000
4e6907e3-c128-4936-a8e2-a66110787b39,fl,33320,merriday,ingram, 342.660000
d97c4ebb-56d2-4f49-ab4b-79b9d976c862,fl,33330,corbett,charil, 818.720000
d4321f30-e51f-4c00-98f1-23e1e46d5a1e,fl,33336,snalom,marcelia, 997.600000
68876e26-4acb-4ac0-941f-3922b37568d8,fl,33405,fallawe,waring, 44.180000
63b3acce-9e2c-4a6f-a2c3-b3675e90094f,fl,33421,faughnan,kaleena, 450.360000
feb7ae8f-d0b0-4d4a-8af7-9f214fb8c7b3,fl,33436,bashford,enrique, 793.540000
d6151f74-0e79-42cd-9e52-718d2843f2be,fl,33436,goudge,frasquito, 929.510000
f30119d3-160b-4331-98ad-25a6facffa8b,fl,33462,dottridge,base, 606.520000
a1ac3930-18ba-45c9-baaa-07086f285070,fl,33499,mathis,franciskus, 111.350000
4bb543f5-e9c5-4c9e-a57c-faa5baaac30d,fl,33543,danieli,ewan, 905.450000
1a960f07-e7c8-44fa-bb27-47ae55d94ca5,fl,33605,jaeggi,daloris, 88.880000
08dbdb52-066a-4f9d-9549-4a4e5cac79fd,fl,33615,keaton,lettie, 444.710000
6050e5c1-468c-4ca6-8733-bdf2266f6612,fl,33625,dopson,kay, 233.560000
b2c395ef-47b5-4e1f-8364-04e30b51aae7,fl,33625,hampe,pollyanna, 80.760000
9a0ffbe8-d63f-4580-9b00-0bd08f47e122,fl,33633,budik,suzette, 898.990000
d10a208e-f781-4b16-9dc1-802ac513c20f,fl,33633,stannah,raquel, 715.470000
b12d8d3b-3102-4daf-820a-6c20e735919e,fl,33731,malitrott,stephanie, 643.740000
c011219f-34ce-463a-99b0-c36ff4d3b775,fl,33758,ansty,eli, 586.510000
f044f3f2-6375-4be0-8f4d-6e3850c03cf9,fl,33777,perllman,teddy, 197.480000
3e87e1e0-787f-4af1-b0e5-de82314f1cd7,fl,33805,mckinstry,arlin, 880.600000
1538f9a5-4d1f-40c6-a95a-4a514cf2a332,fl,33906,meeland,konstantine, 581.610000
b235f63c-adc1-4e12-953c-7c5b13b6286b,fl,33913,bonnaire,lorri, 179.610000
852b79d8-c320-4daf-bb6b-a1638d385801,fl,33913,faulds,bran, 470.040000
633efdf4-caf9-4650-aa20-a2a6b2a245d3,fl,33915,blamires,hildy, 957.990000
21219acb-aead-416c-b061-59b469369c4a,fl,33982,bachelor,lionel, 82.620000
231b6270-86e4-49a3-9a4b-7ca80e81e8d0,fl,34210,fanton,wyatt, 623.710000
a56baad5-ffeb-4d45-8e86-ca08dbeb0f72,fl,34210,prophet,jose, 619.640000
1297d4ef-0ac8-41e5-acb2-88f30da81817,fl,34233,tewkesbury.,nalani, 841.350000
9a0d3dfc-4c9d-4b6f-9ff4-5cc61549ed77,fl,34238,mclarens,saleem, 513.240000
36fdd814-c230-4221-8ab3-b3b2570fbfb3,fl,34642,fetherston,kingsley, 989.410000
3696e6c9-d6ac-4843-b118-32c167ae889e,fl,34642,lenoir,kippar, 201.240000
5b29a76b-9727-4680-b191-239fb62b7488,fl,34745,cheer,mab, 1169.190000
24912d74-3d7e-48e1-8df8-2405d2a1fe0f,fl,34949,eastlake,lanie, 969.860000
f9dde5e5-c9b9-40d1-979c-821d57e3f514,fl,34949,okey,kennett, 136.440000
86986dd5-c04c-4bc0-b1ec-65d999550234,fl,34985,trill,sandor, 286.400000
dbf55a9f-4e45-432d-9c00-e88785748267,ga,30022,barta,bram, 541.890000
ec3847ee-f6d1-4aa3-94f8-117a968da674,ga,30033,clementucci,anjanette, 388.520000
1558e1fe-ef65-4780-a8ea-b26ba8232313,ga,30061,carletto,elsy, 801.600000
cd60b104-e181-4874-9cbc-af579370cafc,ga,30066,hutchings,jone, 693.410000
5159b645-2523-4359-b80b-d7dcc1e9b50d,ga,30066,phizacklea,minor, 171.060000
63959202-9126-4cc2-b0b1-70114cf7ea48,ga,30130,soonhouse,wendi, 826.030000
95874b41-0652-484f-81ea-fba8bb348b42,ga,30195,channing,arlette, 70.830000
b10788ac-4404-479c-a9f6-eb3f5a76c24c,ga,30195,plewright,brendon, 203.670000
85516eec-20e9-4c55-9c03-73a14a5a4ce3,ga,30245,daws,esme, 226.400000
4c99361e-7172-471a-a65a-86491e70c784,ga,30306,jacobs,ange, 988.160000
51fab92c-68d4-4160-b090-009bf218772a,ga,30306,mcloney,freddie, 807.240000
bea90e9f-774c-4ff7-92cb-8284d0356374,ga,30311,leeburne,jean, 770.720000
11e45f25-4a16-4bd5-b1a4-b52acfe0626e,ga,30316,mcgriele,ernaline, 826.590000
65a50b12-00ce-44ac-86c4-696f0f6130e2,ga,30316,tolussi,jaine, 591.990000
96762923-9ff0-4e7b-a3bc-74d3bdd82069,ga,30336,gulk,goldarina, 714.880000
2d5a8ac1-3c5a-4bcd-a3f9-f81ed11f230b,ga,30340,biskupiak,norrie, 740.720000
5905a819-8676-4d93-a4c4-fae418816b52,ga,30340,collcott,duffie, 41.250000
a7384c8b-46fa-40b0-a386-0430b5ffaf96,ga,30356,heistermann,joanie, 909.710000
6fa37097-80d7-4f76-9fc4-bccaa957b3c5,ga,30356,kalf,anthea, 252.360000
7de95080-7d30-4b77-8c30-73364dad89fe,ga,30358,brian,fair, 770.780000
3f036fbf-7087-40ee-833a-3fd2653deae8,ga,30375,dodswell,jemie, 939.290000
82729022-91f5-4dc1-a338-59683dff4c19,ga,30380,brauninger,barbabas, 759.140000
e06570d6-4fa6-4c00-8eac-aba89e5b8e29,ga,30610,boulton,flo, 480.500000
2f347225-13c3-4492-882f-d6fa3debf57a,ga,30610,davie,royal, 662.260000
e54f99e1-9c9e-4c69-9933-c173294dc236,ga,30610,kohneke,brynn, 178.170000
23894a2e-6086-49a6-abc3-9a9ca8139b49,ga,30905,fechnie,redford, 666.570000
6bbf7bd8-82ec-4675-9ed0-a1a35828dd69,ga,30919,mcgurk,livvy, 840.880000
8d029c4b-a7b9-423d-a4ec-9daf260dd9e7,ga,31205,billows,hercules, 566.890000
f7241e73-0b3d-4124-ab0e-9176b17b3a6a,ga,31205,dore,alfie, 423.090000
3c53c303-7889-4168-87e7-6aa19fa7eb0e,ga,31410,fulford,mark, 802.950000
df76dd96-7a2f-4ac8-9418-928126156f93,ga,31704,clausius,sully, 387.970000
7d815e98-c3af-4993-8b58-e2d787b05845,hi,96805,gaskal,shana, 638.360000
0fee966e-6cd1-4817-a21c-2a4bf5d94705,hi,96820,skellion,forrest, 966.850000
c27d904c-e615-49f7-95ac-0ac20210f2e4,hi,96845,hewell,meghan, 817.290000
30a4f4d6-ad7a-408a-9245-56defe58a319,hi,96845,raimbauld,charity, 541.480000
ad07ac92-2ad4-476b-a403-fdee046c886e,ia,50305,etherson,dorian, 987.810000
1b508f7b-8522-42d7-84f2-78070dfb25d8,ia,50310,caudle,alex, 352.140000
ee128a4a-3520-4cb2-b980-cb7f1e83ceb8,ia,50320,d'antuoni,lloyd, 233.720000
400a8d46-f847-4b9b-87a3-53a8bad227b1,ia,50330,blazi,sheffield, 707.720000
249dcf32-8b62-4b0e-971f-5128bef1287e,ia,50362,liebermann,halimeda, 190.960000
e331e175-a15d-401f-937f-68c06e1a6d2e,ia,50369,lovett,briant, 675.970000
75c8cb31-5002-4e07-9ae2-98a9e6f58cc8,ia,50393,durrance,jolyn, 851.660000
837c9969-112c-45c0-aa8b-60d61818dbd6,ia,50706,pomfret,candace, 656.460000
65a7d63c-28ad-480c-8178-7c671f02837d,ia,51105,breffit,justinian, 423.150000
8ccc2f93-35bb-447d-a98d-007a389ae5b7,ia,52405,matts,oriana, 579.280000
76f1b789-6326-4d02-bfec-f48fa3f8f0ba,id,83711,faire,carleton, 15.160000
2b7f2902-6c20-41cf-97cd-709c4b6e696c,id,83727,driuzzi,paddy, 325.540000
858a1659-01ba-493c-b39c-787247dc00be,id,83727,kenworth,sanson, 736.230000
a91b10d2-208b-4b6b-9391-36f2cc134c85,id,83757,meo,emilio, 748.630000
ba442dff-be40-47e9-b5ff-711e11f9db56,il,60078,humberston,cathryn, 239.110000
de53a287-f256-4e32-a4da-8437dac40ea9,il,60158,yarnley,rosie, 615.030000
dccdf8e3-0ac9-4924-8c13-8fe3f09c3a08,il,60351,ruske,benedetto, 338.570000
faab193e-648f-455e-a006-a31b833e9e30,il,60567,bullar,cleavland, 931.580000
2135df7b-a4cf-4a57-9c76-987b20ece1c7,il,60604,girardez,shay, 373.310000
f60c5dd0-56c8-45b0-9e12-630031c3cdf9,il,60604,skeat,francyne, 842.990000
94507df8-8dc5-45eb-b0df-cc6b3e7bae78,il,60652,mitchelson,glyn, 89.460000
1a4035a3-ccd5-451c-9b4b-de742ed4c1de,il,60669,o'cahill,salli, 615.860000
edc1225e-41e1-4616-9210-36f44dff434f,il,60686,harold,darsey, 773.320000
e2823a5d-c932-473d-9890-8c82a61b5443,il,60691,merida,kipp, 49.920000
4ddac301-9654-412f-b0b4-88d83adaec8a,il,60691,spurnier,benson, 341.690000
ce842e2e-4580-4a71-b1ec-7e300bbfae3b,il,60697,banfield,phillip, 601.820000
a0187ff0-7882-45f9-ab4b-be22e6cb4310,il,61105,de mars,kerby, 721.780000
027d4c55-db2d-42fa-bfd1-ee46b7ff8695,il,61605,rigeby,kean, 457.660000
efcc4a1a-6708-4ebf-a999-88dfc8f23ff0,il,61614,francisco,olivette, 310.600000
b31b1ebf-fa60-462c-8bbb-a7b4e4481a9b,il,61629,glancy,shalne, 279.180000
bc6ef0f9-47bd-4104-b805-e71822b31482,il,61640,renzullo,dall, 70.490000
978572a1-d51b-4d7b-9a51-a81cb5fb4598,il,61825,mcasgill,cinderella, 627.420000
7a960aea-ddb0-425d-b1c4-957c21e0cbb1,il,62525,layne,andrea, 570.150000
a087a341-850c-406e-b782-a991470a5de4,il,62718,langsdon,guido, 541.880000
1d63ce57-c0c0-4ec1-a1b4-4f8a33657e57,il,62723,moland,humfrey, 568.540000
1404a587-e27d-4b29-8cae-58739c95d2a7,in,46202,titlow,kym, 1010.320000
e963071d-48ee-4347-8f05-b0ec3465579c,in,46231,tulloch,valerye, 673.540000
4e0159a0-155a-4d00-b270-31f019a713dc,in,46231,weir,lira, 140.930000
b4e8bbe4-2bf9-4764-87f8-6a4c6bff2403,in,46247,mcnulty,maddy, 500.020000
77777b3a-f11a-41e8-b7c1-d469a2d7b29d,in,46620,crowcher,alley, 849.730000
0cd8f1f3-bae6-4f2c-a645-fddc040d3dd1,in,46634,bettinson,norean, 755.180000
c8115e38-b931-4ee1-bdaa-38aa1f85938d,in,46699,ambrogini,amelita, 531.170000
54aa0210-5e4d-41cc-b594-603ad36fefb3,in,46852,merali,doralynne, 812.910000
d64c5234-68c2-4d87-8de9-3f0f78efb335,in,46852,search,andrei, 515.210000
e591ef9c-e475-409f-8ba1-518e626e965d,in,46857,fyers,nan, 642.650000
c1018489-3caf-45cc-8249-c954606b2d84,in,46857,perl,dodi, 500.750000
41a2538e-1b74-4611-ac07-24b5b50c6dd7,in,46862,fould,mariette, 871.000000
d5acdec6-290c-4c05-beee-b6a4dbce842e,in,47306,mellon,julita, 909.180000
f5212802-b71f-4341-beb7-a60355359fc6,in,47705,rigts,roch, 350.170000
245f8502-7eee-4ab9-b6f8-cc0ad47e6fe9,in,47725,haggerstone,wadsworth, 94.490000
4351313f-8854-47b9-8778-a8718c0f4ce3,in,47747,bodycombe,russell, 468.390000
b576ad28-ef76-4487-8e60-0bf3e7686dd6,in,47747,charman,ariana, 622.520000
23312497-b2e8-4e97-97a1-92ec294649a9,in,47805,setterfield,welsh, 928.150000
7ba18ac0-a78f-451a-a038-1e1a48ee02f8,in,47905,muxworthy,michail, 838.630000
28a6a878-1e3c-4873-bd19-3c47e06a36ac,in,47905,rigmond,tiebold, 235.230000
940be45b-f934-4ff4-9d93-2e6eb3707e38,ks,66105,diamant,husain, 368.840000
dfb9e615-3622-4fe0-9172-d4b6b312c1de,ks,66160,mozzi,hunter, 858.990000
52f7b63f-34cb-4a39-bfc5-05f405cf9e2e,ks,66205,caldron,clarance, 730.470000
b68f4cea-103a-447f-9a2a-9b60315547b4,ks,66276,kerrane,lorianne, 357.720000
c0e42965-665b-4cc6-b4fd-360df30ef444,ks,66286,cowap,rey, 195.460000
e87e0bf6-528f-4736-8adf-cdbb49eae84c,ks,66286,pynner,maxi, 347.200000
92a38ef3-e5f5-48d2-85f1-8a92feb0491d,ks,66611,farnham,molli, 187.730000
1af580d6-f939-40ec-8922-eb227a866c1a,ks,67205,muckloe,romy, 840.640000
8fbd91dc-9d2b-409e-9a9e-9868b752dc39,ks,67210,wynn,douglas, 951.980000
cd88d157-26c7-4970-9726-5ca6d1ded46e,ks,67230,currier,thornie, 477.900000
1fadf4ed-bd8b-4400-972a-07d1e37e1577,ks,67236,pownall,horst, 557.000000
56787148-09b4-4863-b56b-d1099b6aa020,ks,67260,marchent,reid, 415.970000
a67fbcf0-a79e-46df-b875-1a4fe986d58f,ks,67260,mckinlay,tabbie, 503.500000
48640b89-5e05-43ba-8a7f-782e98af16dc,ky,40205,shrive,geralda, 970.470000
b69ea716-3506-4fc2-8459-ef2da6da745d,ky,40210,de filippis,carmita, 524.030000
56a79658-0a98-4222-8541-0f13bd65202f,ky,40215,neill,larissa, 400.980000
76462612-6b0e-4b67-b335-baa7b4798521,ky,40215,simper,ad, 923.380000
a9885a06-5c04-406a-891f-780e918329d7,ky,40220,embury,alvan, 1.430000
daf4de4b-7050-42e6-9c1a-30945d305ac8,ky,40233,basillon,mavra, 354.440000
1e82b707-6d93-4c1a-965f-bae97ec61317,ky,40233,sustin,crystal, 780.070000
cb06e683-b7cb-45df-a75c-3e351ffcb9f6,ky,40266,lodin,arlinda, 521.990000
53b8817c-d007-4a77-85f9-1cb1031d0c17,ky,40293,rottcher,celeste, 206.680000
44ba8300-9356-46ae-829a-fffd8d163769,ky,40510,kira,lettie, 353.180000
317149dc-0703-436a-bcee-d01cd986a1ae,ky,40510,lebbern,rik, 337.330000
61966204-ff27-4ecc-a989-0c352bd0cceb,ky,40546,aslin,wynn, 838.890000
b4d83994-86d5-494b-9727-01fd8169914c,ky,40581,messenbird,blakeley, 492.740000
e59d91d9-2079-41cd-9acf-92fade2e6c7e,ky,40581,shitliff,kennan, 282.660000
1989cd7d-46e4-4fb6-a25d-990a5350e397,ky,40591,manger,harrison, 15.670000
ec64cae5-fea9-4905-ade0-107a56976857,ky,41905,kopfen,reggy, 463.370000
cadc68ec-7f49-4acb-a74d-c9b517c4dbd0,ky,41905,leve,curr, 902.760000
c1cb3560-0798-43b7-8c01-eed2d79f0d73,la,70033,simmgen,marcie, 78.890000
b8208188-318c-40dd-be79-b503dbd9e606,la,70116,whimpenny,kathleen, 873.610000
bc651e3f-35d3-4ead-8165-359cc5b1963e,la,70129,pittam,sandy, 695.280000
bee0fc94-e1b5-4b35-8c02-a88c44b5a1af,la,70129,sandom,wallis, 195.090000
fbeec199-6de8-41c3-a8f8-dc9f859fe729,la,70129,simonel,gretchen, 825.480000
356f393a-29a4-40d0-97e3-e5a9a0c53bc8,la,70129,tapsfield,waverley, 495.870000
d7fc4a3e-3559-4e56-ba09-6ce528ec48d7,la,70142,royan,kattie, 827.990000
e9cf7a5c-c631-4ce5-996e-d60edfc0b358,la,70154,dobbins,ferdinanda, 82.790000
3fbb8a34-9cf5-4a23-b300-0f4ab24e8061,la,70165,dunmore,mirilla, 160.740000
1271673e-d80d-4c80-89f4-87934ff3aade,la,70505,foulser,greer, 872.210000
3fab002a-b80c-4e16-8a5b-e447c950d6c1,la,70505,riggoll,zora, 571.600000
68102b87-0b50-439c-bbab-8bd050a50ea9,la,70505,rumke,vincenty, 630.320000
10869909-81d4-4a8b-9f28-0f5b819513ec,la,70593,quakley,maryrose, 333.060000
e297a623-bb01-4622-96f6-c08c355cf410,la,70607,loude,kipp, 628.660000
01888f5c-06e1-4145-9162-82c46bcb699d,la,70616,lurriman,allister, 153.010000
ac4fd7bf-02ec-4df5-973d-98c49219064b,la,70810,trett,bronnie, 408.110000
e23fbe51-a5e0-4665-9368-7e5cbe352841,la,70826,pfertner,jacquette, 741.320000
8043552d-d9c4-4906-9daf-a32d4a7be96b,la,70883,monteath,dione, 79.840000
9f7a4525-0a5a-414a-a09c-c1fa81a43860,la,71137,cartmill,melony, 278.680000
6de3bd72-1c24-44f8-bc1a-c9ba1e68496b,la,71151,pierton,nannette, 17.990000
d6cebceb-5b6e-4768-a660-e742ba856811,la,71161,osgar,jermain, 507.130000
aae3aa82-d045-4306-83bd-bd0951f6ef2e,la,71161,picken,cletis, 189.970000
43517525-fb2b-4366-840b-7736427a2e76,la,71208,perin,fitzgerald, 363.390000
381c3562-fbda-45dc-a469-f2c20014357a,la,71307,veldstra,muriel, 324.990000
6a3a1c52-79a1-4db7-989b-102c1375e04c,ma,1105,fery,keriann, 585.580000
9f1cb656-dbb4-45d6-a392-ca8cb3b1c44a,ma,1152,belleny,netty, 105.580000
2ef5c32d-dc98-4fb3-b161-4ac9f07e9698,ma,2119,calkin,coriss, 956.950000
f74544d0-ab54-4bb3-b2dd-42ee1397b543,ma,2119,hallaways,ritchie, 271.710000
42411a6b-f01d-48c2-961c-64afe42d81be,ma,2283,crowne,claudetta, 707.030000
05afac29-df71-4f54-aced-b6c01c09ace5,ma,2283,greader,herman, 834.420000
c9566863-d89d-4959-a037-198d0b0f9ea5,ma,2453,chapelle,clyve, 911.980000
74b532c9-6d2f-45ca-94ba-a9906b13cfd2,ma,2472,yurlov,leon, 213.750000
8a18fa53-4e68-46ca-ade6-ebd09c4a560a,md,,deniseau,sterling, 835.220000
c5106627-e07b-4279-9deb-bd74cda2f79f,md,20709,boddymead,tremain, 379.350000
1edffc0d-1fb1-440d-b025-31ede745084b,md,20892,dionis,martyn, 205.870000
289c26b4-03d5-473d-9608-50329fd8d818,md,20910,elden,see, 231.490000
ed8e2e6b-889b-4d1f-b614-de81a1a9818b,md,20910,petters,florian, 301.210000
b22c7371-5447-420d-bb69-7057bc05a894,md,21203,shimuk,bunni, 176.060000
9839a600-3c7f-423c-9674-06b69b901fc9,md,21265,macranald,sheppard, 38.110000
98987dfd-a23a-47dd-bb80-aa859b955ca6,md,21405,ladel,westbrooke, 388.190000
f4971007-31ad-482e-957e-2b9d57eb97aa,md,21684,laughtisse,sammy, 477.500000
36ad77a5-0b48-4b83-ae3f-fffccafb2e43,mi,48098,dellow,vincenty, 571.760000
50686b95-f669-43d7-965f-142060863920,mi,48217,kapelhoff,francis, 268.530000
49d5e1a7-c3ac-4582-8c07-a3726ff15ff6,mi,48224,matthewes,pearce, 102.300000
98b07658-fce8-4625-aef2-5c519a550160,mi,48242,richard,trumaine, 919.970000
627d5a5f-e65f-47a7-aeba-20a5855de26e,mi,48267,cushworth,flory, 707.170000
e5c89384-c2ce-465c-b53d-a8ef734ff904,mi,48267,pedrollo,martino, 6.170000
5c053233-acff-4e4b-b735-f3f2a44bfb8f,mi,48275,henker,barb, 259.010000
3af26f49-6939-4a42-ab34-e63acec5b7b2,mi,48295,mangon,klarika, 470.360000
e05879c3-f7c5-4e92-9745-ad027b5b90ab,mi,48335,sandy,orin, 519.680000
18506e31-de03-4229-878a-d59da510d46a,mi,48550,henzer,lanny, 15.370000
aa0d1a74-3c7a-4cc1-a9c6-116d99e93c5d,mi,48550,human,vasilis, 916.280000
f9f1e539-1416-4551-ac65-fe79d502a78f,mi,48609,ceaplen,kristofer, 17.670000
13be1dd1-94e8-46f5-ad31-f64b2b11af2d,mi,48670,blaksley,flinn, 1185.950000
0a3794e9-b2ab-472a-adf8-74d586a0b60d,mi,48919,sonnenschein,ferris, 441.530000
87499850-107b-4107-a266-71af531818c4,mi,48956,kinnin,joannes, 51.620000
351a6787-c10f-43a9-b3aa-99da9e666fb5,mi,49560,rosenschein,jabez, 107.770000
7f8fc3dc-635e-4687-ae80-91f8c962fb81,mn,55123,nouch,adrianna, 707.800000
82aa5029-98b8-40c9-b5b3-d03385a945c4,mn,55172,major,jana, 658.110000
0eca8683-1b5a-4ac9-8089-88640eadd15f,mn,55188,fullun,arv, 373.990000
b8aff539-a9dc-4885-87df-912a78cd2c81,mn,55417,shepheard,clarke, 180.240000
462a5a80-19b4-4267-9184-4c6809dd165b,mn,55423,talby,scarlet, 862.400000
0d4def19-d26e-43aa-ac2e-a828b8f3a5e2,mn,55428,faill,gussie, 416.250000
9de9a3d6-26ee-47b1-a138-e842fa96eb0d,mn,55428,smith,adelice, 38.020000
fe12533a-81dc-4a8d-814b-59aa200193d5,mn,55428,stothart,alejandrina, 337.450000
6588c8d8-e1b4-41e6-8483-7d272cb51836,mn,55428,vispo,sydney, 533.490000
647899a6-5c5f-44e6-bc70-317a1d429cbf,mn,55480,matous,christye, 220.580000
c6482ffd-9677-4b1c-b136-1351c6abf0fb,mn,55487,willacot,ninnetta, 226.800000
85a7c17f-8f0c-4755-84ce-1e77e754f01c,mn,55551,wyborn,lianna, 792.730000
7413f676-3ae1-46bd-8eba-45fab42a333f,mn,55564,dimitriou,rad, 37.260000
b7225b41-d235-4b37-aac3-96098a5bf941,mn,55573,fones,jammie, 432.660000
9a2a7da4-1d69-4ed2-9c2b-fa8862804362,mn,55585,camerana,chet, 239.140000
9d5a0e91-e9d2-4804-870a-cceafa3b7a7d,mn,55585,winterson,anatole, 4.450000
9d957f4a-3aa0-49b5-b537-95228c34e821,mn,55598,lowthian,clarke, 593.030000
c5440c4a-babc-43bc-a759-f5ba70b30641,mo,63104,dryburgh,daffi, 210.500000
ce62f6f2-51bf-4fd8-8468-73004c060945,mo,63110,doyle,cointon, 55.800000
a78606a9-abd0-4319-b568-c56af13c8e59,mo,63131,stickler,jordana, 428.990000
757acf7e-12af-4cc5-844d-2798f607fc8f,mo,63158,gollop,fernandina, 160.330000
411d941a-7796-4fe7-9da5-2949d47c4498,mo,63158,kennford,bambie, 748.760000
53293015-8d20-4392-a6c4-3d0d5f1b5ac3,mo,63167,challener,misty, 507.860000
9966be5f-f142-4534-b452-fe52e618832f,mo,63169,verdun,clayborn, 129.550000
53c8d697-7b86-4f5c-a67b-d9bb5050f5ce,mo,63180,pilger,xever, 921.170000
c9390c6e-7434-4bf5-aede-929674cddfc4,mo,63180,timmermann,horatia, 74.760000
d5ab4ab8-a390-43dd-bd18-bf8e97140ef7,mo,64136,klaaasen,randee, 150.090000
f9c616b5-658d-4d8f-81df-162f23d29c83,mo,64142,cayley,wynn, 280.660000
ef455fd1-81d1-46b4-a273-bf3883ec79d9,mo,64142,purcer,dolley, 144.930000
c29d9fec-e17c-4aee-9d56-b2e84bfcfe6f,mo,64160,eldredge,babara, 991.150000
f32559f3-58f6-489d-935e-419aef5db05e,mo,64179,pevie,locke, 783.000000
b6c1230c-8353-441b-bb98-cb826984d7e7,mo,64199,bootell,tuck, 120.850000
ba37fe12-15e8-4c37-9e95-dffa1f210852,mo,64504,richford,albert, 802.530000
a1045e7b-6dbf-437b-97f2-3cedd00b1031,mo,64504,soots,jerrold, 839.060000
16ca2de5-5d37-465f-a857-087e5a2afbef,mo,65110,barrowclough,zed, 350.680000
0ba66ed3-9936-4b4a-9370-7ab48e3916eb,mo,65218,kunert,julina, 124.290000
40f5a23a-8522-4723-9e3c-c4cb3127afd5,mo,65218,slay,zabrina, 798.630000
c3b510d6-20d6-4586-9231-9c73e4833224,mo,65810,sirette,keefe, 391.970000
2df6b5fe-155e-4cd2-8785-b1bc9a9336ef,ms,39210,froome,damara, 905.040000
05b35e56-f26b-49ce-9584-19f952140d86,ms,39404,hilldrup,giuseppe, 840.820000
d1d4dc63-3a88-4ea1-95a1-9aaacac08bc0,ms,39404,whitsey,dedra, 89.200000
1b3220b8-0666-4875-9368-28ef5cf07cc2,ms,39534,ludye,constantia, 805.780000
70a3288d-3e71-4812-a423-e5fa370c6430,mt,59112,way,corri, 137.720000
baea72e8-3a7e-451e-adc9-24bb8e46dcf8,mt,59806,wyd,wilone, 684.050000
6719a3ea-d780-4a4c-abc2-3c34e9fddee7,nc,27105,arlott,dennie, 664.630000
eff1e478-35dd-4af0-aeb9-3290bae54be2,nc,27105,gaskin,vonny, 109.250000
948bd6f3-ab6b-4978-8bb1-e3784d7c589d,nc,27110,mustchin,ulick, 610.160000
4c20b7ec-a374-4ca4-aae1-80d1942ddcb4,nc,27264,ardy,cele, 263.070000
48a9bbce-6ec4-4537-8cda-65753fb67ce0,nc,27615,haughin,bird, 233.150000
880c20d6-7da3-4d31-baf2-3cd9ac3b8ba7,nc,27615,kopta,winny, 858.100000
aebeff08-c134-4159-a917-4129c526850d,nc,27658,kobu,almeda, 885.090000
57a43fa8-d7bc-40f3-95ca-c55d6c6c7197,nc,27690,poynor,dael, 343.560000
0e5b5c2d-826d-4121-9089-57bd472b6b13,nc,27705,lindbergh,howey, 265.620000
a93bd2fd-459c-4995-938e-c0fb486c621f,nc,27717,addicott,amery, 797.270000
ccad01f3-637d-4f85-afcf-85c98350a542,nc,27717,dechelette,edgar, 595.050000
4691a88e-a6a2-448c-80f5-3904eb6178ea,nc,28055,teideman,matthias, 243.340000
497ef725-5cad-435f-ab50-337c398eb837,nc,28215,polack,reinald, 342.860000
c3f99a08-e504-4500-8d69-590455d41e2a,nc,28272,kubicki,ramsay, 768.180000
9fe5d6f8-6183-4ee5-8f49-abeb042b2d33,nc,28278,jerche,gweneth, 700.680000
06ee38ed-e591-4a4e-b805-ddc2f38b2a0c,nc,28284,hankard,nate, 567.190000
437384cf-ecfc-46e9-a630-6a7c9d2c1211,nc,28305,liddell,sharron, 263.190000
3587ba16-b3a5-4092-915c-abd55b4c75d6,nc,28314,kittle,urbain, 863.780000
ea0ddc34-20ef-4d4e-84bb-2111793bbd70,nd,58207,matussevich,billie, 836.580000
0407475a-121e-444c-afc4-8ef13bbf2645,ne,68117,crich,stephanie, 921.110000
fb8462ad-b688-41d4-bc20-596630fab619,ne,68134,wickey,alberta, 274.380000
40bbdde1-42a8-43b3-856a-5372d775a954,ne,68144,de filippi,pearl, 857.220000
34cfd075-f6fa-4847-9f0e-3fecd3e1733c,ne,68179,jorgesen,iseabal, 949.630000
be73feef-ba76-4a52-849b-e8027ade3b04,ne,68531,perrett,ferne, 848.660000
e8ade3cd-3a2d-4c35-b993-330c1f2ea95b,ne,68583,holcroft,carmela, 479.740000
75c63bc5-ca2c-4a7c-bff2-21ff3237b058,nh,3105,brigshaw,birdie, 512.600000
9209944c-6441-412a-8249-77e51d64ffbb,nh,3804,dalyell,gina, 794.130000
9d7d8b09-04a5-4b59-b715-7ad7f52d1ed7,nj,7104,alexsandrov,curt, 634.430000
4cd6817d-8d4e-4c0c-b2cf-f1885d16523b,nj,7104,birnie,vivianna, 49.950000
da29a15b-1dfa-4056-884f-19f121c135b7,nj,7104,petzold,michelle, 27.410000
46bafa40-ebdf-407e-a31b-db515cb32baa,nj,7195,carreck,lancelot, 214.390000
6af0cc42-ba00-44dd-9813-cc3bdb058347,nj,7305,ozintsev,leesa, 955.220000
27a38689-7aa1-4510-8567-5bad40cc17fd,nj,7505,berick,mersey, 426.180000
4d6da6b3-6c03-49ce-97d1-32040a803c40,nj,7505,romaine,zared, 675.270000
173659aa-49a2-4b2e-92c5-51159435a52d,nj,7505,wansbury,stefanie, 1139.770000
62325f0b-1106-44de-b943-8714bdb82a89,nj,7544,hibbart,perri, 426.800000
cbb93906-b079-49f4-bf10-375fc0365aae,nj,7544,pallatina,addia, 239.640000
6b859468-e577-41d0-9564-744fd5912504,nj,8603,skala,gypsy, 822.960000
4254dfcd-5df5-484d-9afe-0604bffac128,nj,8638,jillis,merilyn, 229.330000
82ff997a-ab2e-4138-a66a-e617388f4168,nj,8638,tulloch,bendicty, 512.480000
2b7b9b72-407d-4d99-a919-47fb291eb9a9,nj,8650,hazlewood,albertina, 997.430000
1ab2ba89-266b-4823-8033-1a721e3f50a4,nm,87105,savory,damian, 292.990000
624eac7d-af60-4786-a76c-8f63b25cf56a,nm,87110,delwater,annette, 346.110000
4ea2f45c-22d3-4d0c-82c9-4e294ac47f08,nm,87180,airth,lamond, 5.290000
6fc64bd3-4233-4f4a-97c6-8fea0b5c8736,nm,87190,karlsson,kristofer, 42.030000
c7b2379f-e7c3-4686-bda7-90419bb72c74,nm,87505,hancorn,robers, 610.630000
590e8009-08b8-4a02-a65d-3b3467c4f830,nm,88006,bruhn,corly, 323.220000
04101393-c2c4-4678-a260-878c8b8e1954,nv,,goodricke,romola, 905.100000
6c48d9a3-6d51-402a-859a-1c93466763d6,nv,89036,ashpital,abbie, 267.230000
bd73f74c-4d9d-4246-9754-54b81e93cd6b,nv,89074,halloway,lorant, 923.080000
e8afff33-2e9e-4452-8a0b-40dc2f59aa08,nv,89074,towriss,virgie, 811.680000
f695414d-a136-4ba3-9161-0dee4d1e98fd,nv,89115,boyn,lucien, 396.810000
dbe6cea0-c3af-49db-aef6-d5698c3bfdc5,nv,89115,kurten,dewitt, 385.990000
5c0765f4-b5ee-4caf-8e34-6a94ff3f6423,nv,89120,metson,trever, 221.380000
0f905409-5571-45f8-89ea-df3768570483,nv,89130,daviot,dody, 18.070000
4791861f-c299-4a85-ad22-b1dda7badcdf,nv,89130,haggerston,zolly, 714.520000
cd35010e-517d-416b-8cda-a960bbab6c3e,nv,89140,tiesman,ailis, 858.580000
4f92137d-eefa-4c64-a465-48a29cd5cf04,nv,89145,gentiry,goldia, 416.750000
b431a5ae-7790-492b-a83a-a5bd2f856a65,nv,89155,arnaldy,chrisy, 842.240000
a7f50268-cd3a-4ff1-9440-a2dbf50e76cc,nv,89166,esmonde,abagael, 852.400000
2b11d313-ea84-46db-b98a-c74bc3af6a3f,nv,89166,mallon,raul, 261.790000
0bd4b8c0-429d-4922-a8c8-c5e52bf3b07c,nv,89178,howchin,rosalyn, 185.470000
beac7c7e-feb3-472e-a345-131e78b886b0,nv,89178,ulster,daphene, 498.990000
f3337525-73b5-4fba-9f6b-efd9818a33a4,nv,89436,gercke,roxine, 832.670000
37a73231-393e-423f-b181-c87596c8f0af,nv,89519,scopes,tome, 751.450000
7638c57a-c59d-4096-a4c0-c53c16d36f1d,nv,89706,gramer,helena, 781.010000
2df3c529-664b-490f-bf3d-8bf6d948a4fa,ny,10019,gallardo,camile, 149.850000
632a6e5d-9128-4254-be26-efacfa7594b1,ny,10045,lockett,glenine, 676.130000
e60ce25e-2fb1-41d8-aa2b-ca9c7c44018e,ny,10060,attack,dolorita, 732.230000
997ec30f-8075-4ad7-b145-46c6b2297341,ny,10105,mowday,vania, 684.860000
78d1d1b0-5318-4e70-a8e8-ae498934d1f4,ny,10105,waddams,hiram, 995.410000
1e83375e-24e8-4265-aeb9-2c483f706d31,ny,10115,rowntree,dougie, 486.960000
1aa1023f-ec78-421c-bdd6-668476e528ed,ny,10125,greetland,ashleigh, 74.390000
7fdb4b28-c6df-4d31-8064-e1b2c83859d6,ny,10165,oldford,wilhelmina, 258.610000
50e07695-a8bd-4d03-96b9-26b39fdd3fee,ny,10203,manners,tania, 977.810000
85922ece-fd8d-4017-b3db-924676405c1e,ny,10260,gledhall,elsbeth, 757.700000
d215b392-6ff9-496d-a84e-f1e6b986d0cc,ny,10270,mcduffie,bab, 112.000000
a1be9fad-1a89-4eee-a980-c50864cd3849,ny,10305,battabee,marsh, 690.610000
e6ed3cda-5d36-43b3-8a21-eddbe92ce866,ny,10454,dibdin,alwyn, 625.690000
9c55307a-8572-4f15-91a0-b72d4826cab4,ny,10454,zanicchi,dredi, 20.920000
7517ed88-2610-420e-b627-0fa5b5c2c139,ny,10469,cafferky,dyanne, 74.940000
48c28b8a-a56e-43a0-a0c8-e685b298d426,ny,10474,dalgarnocht,shem, 815.460000
3b82d52e-84de-47a8-9c75-30515b7abdae,ny,10633,mackleden,de witt, 54.430000
622f115c-37c0-4bf5-9eb5-7d8396045689,ny,10633,slowley,paulie, 842.840000
41cc524d-39a6-48eb-9bf1-509ee83176d1,ny,11044,mogra,franciska, 774.740000
4bed2ad5-fe66-4ef7-9ee0-4e949a0a3a38,ny,11054,matejovsky,gert, 405.180000
a2829e67-8192-4761-8e94-7a8e63696794,ny,11054,sydney,skipp, 933.510000
20e61736-cd8d-486f-ab70-0dfec8066480,ny,11205,tesyro,alard, 476.000000
42914e20-b839-4d93-bb57-8d94a45d3ecb,ny,11215,grisley,jard, 244.640000
feaa5b91-953d-4bca-8c18-c2d3b4896e60,ny,11225,scini,mart, 781.540000
1f1a6096-6def-4952-be06-519586fa6b2f,ny,11236,wingham,randell, 710.450000
d861e124-f142-4e1f-81f9-9b8d4d5f2e39,ny,11388,showalter,mariana, 680.600000
179aa16e-2f74-48d3-af8d-8e94fef868c3,ny,11431,cleef,garrick, 431.690000
06e6eaca-7874-4361-8077-fbac2298a557,ny,11431,lamblot,skip, 942.370000
ecb61a2e-be7b-49f9-bca5-7059c782c6bb,ny,11431,settle,forrest, 476.600000
35e957f4-b7b9-4dd6-8e2f-d366255ee7ca,ny,11436,fullicks,jasun, 739.940000
c3c1ce9c-4346-4c6d-8abd-87c74540f21d,ny,11470,kuhle,carolina, 309.790000
a01fc40b-22cb-463d-9cde-4435d56287ae,ny,11480,janouch,nicko, 656.930000
d5a2ec76-0d0c-4268-87a6-7f00eccd1586,ny,11480,mcguiney,rafaello, 533.330000
2a7feea5-1bea-4c68-9a68-8efdcb4f09cd,ny,12227,joul,garwood, 538.120000
d01426d2-640c-4f03-9bca-04afa01737a3,ny,12237,axtell,jamill, 956.070000
bfd86327-b23d-4c99-8a68-1cb42d2b0974,ny,12255,spon,em, 699.890000
25c50435-3153-4aa4-a5a3-cb99b9cde77a,ny,12262,strasse,lauren, 355.550000
01cee97d-03d2-47fe-8b7a-3f1737e7a37e,ny,12325,aggio,lukas, 822.530000
372c9a27-eda4-471e-b4ce-f2735c39fa05,ny,12325,bittany,pancho, 1207.110000
f8ee988c-599b-40d4-98cf-efdd5146f4e3,ny,13205,skunes,alley, 126.630000
cf6edc63-a285-4c3b-a10c-cb41899be042,ny,13224,hamelyn,giulio, 647.400000
6b2c5887-c14d-43dc-adf3-07364abb3e88,ny,13505,mellenby,nell, 436.970000
a37640d1-71e7-4638-99ac-c82df280fbeb,ny,14215,pirot,harland, 455.850000
a683f651-fdba-4a63-be99-fe865e42a3c9,ny,14269,rhydderch,shantee, 961.580000
1323ad33-b326-454c-85b6-9346f2a240ed,ny,14609,doumerc,renate, 975.520000
d2d57cbe-c13f-479e-accc-fe8868308d0d,ny,14624,burgisi,yardley, 824.980000
88eda9a8-dc37-4609-b48b-4c1c494e7d8f,ny,14683,costall,maurie, 655.340000
bec15b3b-c1a9-406a-b119-8a7cf982fe71,oh,43204,kivelhan,viola, 687.240000
65982c8c-45b9-4d76-88b2-a0581f31a0d6,oh,43210,whitmore,abbott, 572.420000
1eff41da-9ae3-4a45-861d-d74630760caf,oh,43268,fealy,alfred, 235.580000
87b172c9-2f07-4d94-9624-2030b3c4a113,oh,43268,gutch,baxy, 908.690000
639e4b4c-34c1-4d45-a230-cc18b3998aa2,oh,43284,fain,logan, 348.030000
aa4281da-0a07-497a-8875-b92457eb56a3,oh,43605,bagshawe,irita, 38.790000
ef2d9e53-d480-44c2-966a-cf51880f3b3a,oh,43610,puttergill,ketti, 978.340000
5ae37f72-2c03-4001-9cfb-fcdcb5a37c9c,oh,43656,calendar,temp, 418.140000
a2f2feb5-725a-4d52-9f3b-d3d4602ae565,oh,43666,endricci,cassie, 671.030000
cf333a7f-4859-4aea-8c25-cf0aafc28926,oh,43699,sipson,rora, 962.600000
be8b16a4-3204-44c4-adc8-993647abb356,oh,44118,slateford,larine, 1107.770000
0f5523cc-4cb3-4a9c-ac58-c3f085ff893d,oh,44185,mickelwright,adore, 468.970000
f47d2780-8d83-4ad9-81d7-fc4110c485f0,oh,44191,spinola,hamish, 710.210000
282b428e-9700-44ad-9779-5f9b17b70783,oh,44197,ashment,wilburt, 940.240000
3dac92d1-49a7-41ac-b5e4-19965bfae6eb,oh,44393,pembridge,kacy, 707.190000
32e5150c-7e94-46f7-976d-51cb51362452,oh,44485,heasley,fabio, 36.560000
3304b4d0-af6f-4a59-8958-236f6b239058,oh,44485,scawton,mirabella, 524.180000
dbdc9f13-ee68-43b8-9ca1-2f1e6fb2324b,oh,44485,schrinel,malchy, 390.440000
853d08a9-fdd5-409c-8eb8-c3a9f29f75bd,oh,44505,laverty,caterina, 393.880000
7bef71be-b739-4776-a10d-e9d104214f68,oh,44511,stace,virginia, 950.160000
60904be5-ccfb-406c-8479-168788ce4532,oh,44705,attwill,douglas, 485.040000
2db1ad17-a9cc-49c5-a239-7f41c75c98f6,oh,44710,cohr,edvard, 674.880000
13d15dc3-644c-4ae6-8ee7-1b38e0308825,oh,44760,tayloe,killian, 606.650000
457ff51d-28c2-4fd9-a447-952dd118182b,oh,44905,troak,lezley, 674.660000
103cf573-e648-45e5-b10e-7331d1b96d9d,oh,45203,bett,louis, 81.550000
080e1121-7c1a-436f-af7f-6e7e490a6c1e,oh,45208,gedney,rochell, 235.060000
3022f96c-e4c5-4678-9e97-e5dd8dfb17a2,oh,45218,chesterfield,cull, 614.620000
61542f5f-882a-4ed7-8fb5-f45e84263004,oh,45223,mcminn,tiff, 794.660000
7d64f54a-4e05-4f50-b8cd-6b5eede3c190,oh,45254,cornbell,errol, 936.200000
8b0b1c5e-8c99-4289-aeaa-472300f044c2,oh,45271,drain,konrad, 286.500000
e3e1aea2-9d1f-4154-b396-2b30797587fb,oh,45403,jersch,delora, 899.750000
c214c632-7f67-4a54-937b-15bdc0a9e30f,oh,45414,mirams,mirilla, 190.660000
c6ee2813-aeb2-4e9f-9a23-36730c25a3b7,oh,45426,cremins,denny, 689.130000
0710ed70-76dc-4b8a-b60c-9db35be3d773,oh,45432,clemont,leandra, 75.200000
7bf62a18-b9ba-4d38-90f0-4ff2046a0944,oh,45440,coggon,christabel, 685.400000
71b25d0a-36e8-4137-bdb8-b255c735a7eb,oh,45470,langdon,raynard, 951.710000
f2b97c12-e852-40eb-a669-28be35b22b60,oh,45490,sanchez,minnnie, 90.570000
b5c32ded-e769-4c52-a553-e34b548280d0,ok,73114,archell,damiano, 921.600000
4c2f55cd-4ee8-40c5-b2c4-26521ef5e7f9,ok,73135,mackenny,vincenz, 900.650000
d9ecd2dc-d913-430f-adaf-9d534957bc35,ok,73135,udie,rachael, 785.160000
e1880e9f-7800-44f7-b30b-defadbbc747d,ok,73152,andor,lissie, 1110.570000
e4e4f2e5-54f9-49d1-8e92-985e839e86b2,ok,73157,critchell,roshelle, 4.470000
7129a392-1226-4d54-b619-8f5e25d5a51f,ok,73179,houson,padgett, 456.350000
8a7ce658-6ee6-42ce-932d-315975d3dee8,ok,73190,fidelus,ciro, 400.770000
024924b8-0da4-4724-9bc3-3359ba58045b,ok,74108,jaquin,tadio, 74.250000
8259a870-e95b-41a8-b079-c03fe1c40570,ok,74133,josefer,lacee, 941.970000
39a5b34c-97d0-43c5-ac91-17f822138b9d,ok,74184,ferriday,menard, 568.210000
999f6426-8e17-40c0-bed8-a43e33dc21ec,ok,74193,georgievski,rickert, 381.950000
d8a0eb3b-0f3e-4ec8-a236-9a46fbb2b3c0,or,97211,frampton,jobie, 282.540000
b3e3eee3-7322-4a55-943d-d08ec3543a03,or,97216,eller,locke, 979.400000
e9d04154-74a7-45b0-bd56-449405f1167e,or,97221,lambshine,jocelyn, 610.730000
cf4fe8d9-0d83-4ec0-a454-807480c61441,or,97240,ranson,sonja, 909.780000
90f1b945-e164-450d-acdd-edc675a9d3bb,or,97255,althorpe,ame, 91.140000
f1d3a9d9-fd81-4be9-a4b9-3796f5638ab4,or,97255,pignon,noemi, 366.680000
4e161c7a-094c-4e76-80ea-5d9430713b1b,or,97271,caws,willetta, 479.330000
088d7f61-da80-4143-980b-fec3c44fe230,or,97312,berresford,godard, 118.960000
3cda89b7-2861-40a5-991d-a116730f622d,or,97405,howison,stephie, 179.130000
68b6e0ff-c83e-4044-8498-fb4b99f92fac,pa,,goodanew,sterne, 501.010000
ed8aa0b9-edf8-4e23-b36c-6b6c2174b27e,pa,15210,castellanos,ruddy, 559.300000
2175556f-a9b8-4aad-b615-279a6de2c9de,pa,15210,larham,sanderson, 49.960000
03805352-3036-42d4-82a2-b1e1f026fb8e,pa,15215,greenway,roch, 140.010000
0bff5e62-c4df-479b-8598-b71e2f15d120,pa,15215,slatter,sal, 558.990000
89e2ac90-1404-43cf-b885-234cd1fe59ef,pa,15230,ivanuschka,lucie, 686.290000
0f4cfda9-b483-448e-a5e1-95c0ae752768,pa,15235,damant,roselle, 333.060000
585e5d58-a2b6-4286-be4d-a27f3b2c1510,pa,15240,fordyce,moore, 580.720000
3ede5694-8891-4037-8210-18dd2ce65a34,pa,15250,de keep,ellwood, 837.540000
88ed351e-6490-44b6-bc11-d88dcde3035d,pa,15255,cosgreave,giuditta, 101.820000
2aef7b1c-bcb9-474a-b660-479ab282f3a3,pa,16534,cornels,avie, 763.250000
3ccc50fa-5a2b-44f5-a7fc-17d7d92431bf,pa,17405,buckler,bernelle, 657.410000
07ae7192-b382-45a1-8c46-6b12cbf2933e,pa,17605,buckenham,falito, 0.420000
1cf030e9-67ce-42bc-86dc-c03990eb2ef6,pa,17622,schriren,pascal, 484.650000
71245081-026f-4e35-9a28-77fb7b288e0b,pa,17622,taplow,ulla, 808.540000
b32df21c-a78e-422b-9261-1d361c2352c4,pa,18105,desborough,penelope, 949.960000
c7ac00df-241e-4db2-8d17-f60858d79232,pa,18505,cater,christopher, 144.770000
295f550f-96c5-4608-9fdb-0addd7d7ce54,pa,18706,mcgrae,abrahan, 438.280000
f51cd13c-de3b-49a6-9f3a-3064b39cc594,pa,18768,caulcutt,hieronymus, 653.020000
fe6dfbec-dc6b-4aab-a5a8-60313969b0cf,pa,19093,kennerley,roanna, 171.280000
12df5f81-7267-492f-9234-3f56fd9a4882,pa,19104,mcelory,selina, 844.240000
8145eec8-e11c-4bf2-adb8-dee25c099dd5,pa,19196,kleiner,bryn, 4.470000
bb7fb4eb-e5a4-4295-8386-ed17673e1396,pa,19610,dennerley,haroun, 344.260000
0a0f469b-7be5-4460-9c87-8f57db7a5bfa,sc,29208,stubbs,samuel, 105.360000
f5873007-6e5f-4719-b75f-d1d00ca0390c,sc,29215,van der brugge,adoree, 705.200000
268342a0-93dd-479f-9cfa-0fedd8710774,sc,29240,inglis,mauricio, 256.010000
528408f3-fb48-4e5b-b38c-769f0fa9425a,sc,29319,willatt,kettie, 315.190000
b68e12f0-1c08-45d4-bfd8-87a395ead7b6,sc,29416,laphorn,alphard, 148.930000
b03b3afe-4739-481c-8372-2247b17b3523,sc,29424,cuseck,rivalee, 424.500000
bb34084f-52f2-48fd-a894-d22685b20c60,sc,29424,renner,chalmers, 225.520000
d36fb4f7-c830-4dae-9f7e-5b24044bcab3,sc,29579,hayward,dimitri, 137.580000
87638822-0c81-4bc2-aba5-21c95cae97a7,sc,29579,souley,barret, 678.860000
0f41fb24-64f7-46ab-a520-e7dc14b2b043,sc,29610,knowles,rip, 157.200000
060ee20e-166f-49c4-8d06-97e941a9d34e,sd,57188,culter,jerrold, 246.850000
e58dbc59-0024-4a71-ab9d-e002e84aa2ce,sd,57188,lansley,carole, 308.500000
432facaf-12c4-4e22-865b-14d02ed08f3e,sd,57193,brayson,tabatha, 668.650000
17c52ea6-bc08-4645-9b34-7d94da9aa075,tn,37235,bleasdille,griffy, 612.790000
2c1048f4-d9ac-4f7a-aa77-3fc78d82a428,tn,37410,mepsted,aurel, 498.230000
b4afb4b9-6420-4693-8eba-6aec0662bfb5,tn,37410,skaif,wyndham, 665.550000
49b2d1ae-97b0-431e-aa78-d7c7d489856b,tn,37450,beldan,drud, 490.200000
b4bd8e51-df39-4e17-b542-94ae76716a2e,tn,37665,garter,fred, 338.030000
d783364f-20b9-48e7-ae7d-460089465de3,tn,37931,morad,gael, 107.840000
30e64491-f83f-40d7-906a-c38323c45fbf,tn,38104,glassard,emmye, 771.590000
7fcddfba-ba74-4c5e-9fc0-500bbc359bdc,tn,38126,hanssmann,alysia, 11.410000
ab15426a-1365-4608-93ec-9d0cd8bd84f9,tn,38126,keneforde,keen, 177.140000
e120c1a4-ea6c-4b16-a191-525fc47ecad9,tn,38136,ewings,ginevra, 913.190000
909b41ce-bf64-47eb-aae5-49866ff67a12,tn,38150,beecroft,corene, 705.210000
8c8889d6-cee1-4044-97d8-8be4644ae575,tn,38188,putnam,bennett, 574.360000
13c990ae-cdcb-4572-bb7d-b98050c84e06,tn,38197,stormes,genevra, 712.840000
0fbdea04-9e7f-401d-b921-aef6280808ed,tn,38308,thurley,janot, 93.020000
bcd5b64f-a1dc-40b9-b7b3-02aca517e77f,tx,75205,tidey,lavinie, 556.460000
ef8fbd4d-c9a2-4904-a90b-b42526d454b6,tx,75216,cargenven,meade, 353.070000
6906f305-dba6-4ea8-9440-f91d776b1735,tx,75221,abdie,geri, 826.520000
b768f2c6-3f4f-41ef-a303-794988cc5b22,tx,75221,martino,othelia, 362.940000
c39e389a-5bb6-4c56-9141-4be9666fd1ed,tx,75241,gerold,kennett, 658.930000
1ae8f3c4-5b95-4aab-8cb2-89870626766e,tx,75246,cockings,honoria, 542.870000
875f467f-3d7d-4b17-b536-878830009f60,tx,75246,conlaund,ynes, 924.950000
11091dbb-a34c-4639-8840-ccd0f0e10e47,tx,75251,davison,marney, 912.910000
56851f36-e52d-4ac1-a22c-cf0aae3b362e,tx,75260,ivoshin,bernita, 572.020000
817da604-acd3-4dae-8c08-450047f02d20,tx,75260,walters,angelo, 572.070000
e6c5b656-8e57-40cf-8966-79c6856e1dee,tx,75287,eadmeads,sophie, 925.860000
083f4c33-44c2-4c0e-84d3-23363588a265,tx,75353,jeggo,nappie, 941.170000
f54acd65-bf23-42c1-a6f9-0d91ddb2778e,tx,75353,joannet,doloritas, 403.850000
80b18b57-0597-4f31-aa7f-d435e49d5516,tx,75358,macalister,valenka, 881.330000
da606a4b-3f59-4be5-bf2b-ba2df87461e9,tx,75367,crichten,luz, 111.610000
d4ecb8b9-1baf-465d-b4bf-2934857e66e9,tx,75367,maccoughen,timmy, 448.430000
eb915812-eb24-4cb7-97a6-773e61a98aa6,tx,75705,gascoigne,kimbell, 788.040000
8f461518-959d-46ca-be4f-94707dc74b98,tx,75710,dutnall,brianna, 681.550000
12347098-3d27-4ba6-9215-601d2f370bbb,tx,76004,towler,archibaldo, 263.160000
73d27208-e878-4fdc-9bc4-67574eba7d82,tx,76105,corinton,charyl, 796.070000
fb9952ab-f194-4628-a591-b378dd9f927d,tx,76129,coot,montague, 1072.450000
d34e6ce4-e16e-48dc-90dd-56411f259e6a,tx,76129,leggen,allyson, 633.420000
bf6e6f90-265c-4a2f-bb89-d1846e887032,tx,76134,jaffa,violette, 650.030000
a1c3717d-7fda-4e3f-a4f8-f9ce814b28c0,tx,76192,entwisle,eduard, 607.480000
4c64a9bf-27ff-452e-ab39-0440cdc5ee1e,tx,76192,paten,denney, 984.370000
bf75381c-a411-41e6-8307-6721d56f9a5c,tx,76192,smails,tildy, 648.520000
1dbcbe02-ed94-4e08-a9ab-c1e3c99a83c9,tx,76505,hartwell,gail, 663.080000
c6651a38-012a-4daa-84b7-12b72c70f7db,tx,76598,kemmer,jarrad, 922.810000
bfd12c89-a174-420d-83d5-7cff52d1c4f5,tx,76705,denyagin,misti, 166.620000
7843768c-87b2-442d-883c-157882976070,tx,76905,stollery,lloyd, 264.580000
2a46a8ec-154e-4e68-aa7c-9cdd49ba7fa7,tx,77015,loren,bev, 226.070000
11c1998a-c0ce-449d-b038-4b2b5dcb6bf1,tx,77030,frankiewicz,giacopo, 1019.400000
dec15d3a-f531-4e84-baf9-b62688ef47c7,tx,77030,martinek,alie, 764.570000
52452dcd-07fc-41bc-91e4-4111224f9cf8,tx,77035,mandrake,rriocard, 758.300000
3c1dea04-4049-4f61-a4ba-a1c91eea3896,tx,77045,cattach,eda, 44.870000
09d28e3f-ca17-4c95-bca6-104d88ea8d28,tx,77060,levee,kristofor, 257.740000
2ff795b5-3717-4db2-aceb-0708f34da914,tx,77065,trahair,sancho, 886.750000
6a958251-eddc-4895-86cb-bc0b0d55b070,tx,77075,burnel,shayne, 331.770000
f446d81b-b908-452e-bcce-9e6e7a7e55bc,tx,77080,kuhndel,lisette, 997.960000
17d82415-8a58-43b2-a75f-01f3dd51cb91,tx,77085,mcdowell,gael, 538.100000
c7cc8135-3f0f-4c1f-9c5d-a98b3091404d,tx,77090,orknay,townsend, 698.210000
b038cb3a-cc3e-4043-a2cc-d830c53bfdb6,tx,77090,zmitrichenko,burke, 946.270000
231de1c5-1b8f-4109-99e4-d7e2cb8966c9,tx,77206,brockton,jolee, 1.350000
f1c403f7-5789-47f9-b51d-c1d30d8ff46c,tx,77228,anthonsen,raviv, 726.120000
e8b2ed74-5d6a-4dda-a58e-8c46f1f15a0f,tx,77228,glandon,hyacintha, 466.590000
81873ef6-108f-4853-aa21-11388e1995b2,tx,77228,gorner,ashleigh, 835.110000
3825d477-9b93-4be1-8150-5d1e4b187bf4,tx,77240,danett,reinwald, 710.400000
c3922cf4-fe1f-4790-aa09-371f6afd4314,tx,77240,mallender,nate, 647.020000
af95d101-3dff-48be-a842-9d51038a9ce1,tx,77245,vickerstaff,konrad, 640.880000
76128b05-084f-4df3-b017-52aa2b390374,tx,77266,frayne,natty, 545.200000
e3dccf6a-6eec-4623-a17b-420c5a6a0876,tx,77276,aylmore,redford, 2.940000
4f3774b1-93c6-4b43-9c41-e708e8fbcecb,tx,77276,mcveighty,caritta, 281.490000
ba769c90-273d-41a3-9b18-3e0566e141bc,tx,77299,parfrey,roselin, 615.740000
b464dc69-9b0a-4fb3-80f5-4ea60d018ce4,tx,77388,gianulli,sula, 308.030000
345e96bc-198a-4d3c-9322-fd0d30bbca79,tx,77493,benko,michaela, 574.040000
87366f13-b753-46be-baed-66776b886f3a,tx,77493,elfes,vlad, 133.810000
f562be67-b094-4955-aea4-782567573927,tx,77705,pecey,dyann, 971.880000
74b62e56-4077-4584-a785-83e9cdb02e61,tx,77705,van de vlies,ethelda, 354.820000
c83adcc2-60fb-4963-a814-3c3d978455b4,tx,77844,abeles,korella, 733.690000
3d0f1204-c26d-42bb-8b2f-cb9eff9cd0b1,tx,78044,de witt,wald, 166.550000
8b84085e-57e0-4aae-9a20-2a8167e1dfa5,tx,78205,ablett,susann, 143.830000
39ed84e0-ca59-4933-a43c-24741a235d7f,tx,78215,gilardoni,phyllida, 866.780000
6b4b8684-7c5f-4769-84a8-f66ceb76112a,tx,78220,westley,jeramie, 666.130000
fe7fed97-4dd4-45e2-94e0-d38ba5f618b4,tx,78250,bondy,clare, 526.730000
41fd2c6a-8a47-4bfe-af31-13add1ba12d0,tx,78278,konig,avis, 539.860000
6fe9cc17-3ebb-4e7e-808f-93b01b9389c8,tx,78296,dumbarton,greg, 463.180000
ff73e158-7112-4fd5-b139-d524e88d433e,tx,78415,gossipin,micheline, 778.940000
e2f3b027-46e7-464b-a9df-61b74b2a92d6,tx,78415,guisler,rikki, 353.220000
eba9435a-61d7-4009-92c9-435513c1a5e6,tx,78426,laurentino,olympia, 514.010000
541f1939-710f-41fd-8c32-f598ede00283,tx,78465,mcquade,costanza, 161.410000
6af1c870-4440-4ea8-9e57-5cf8c0117fb4,tx,78682,scryne,trumann, 525.050000
7020d5cd-0b6a-4dc8-8e31-48e286428541,tx,78710,dawdry,pip, 269.280000
40c8e959-8543-4497-a5d6-519974db5851,tx,78749,dunaway,phillipe, 92.520000
4b078416-c1a4-4afc-9723-c05762c90f3c,tx,78754,arnli,lilllie, 770.970000
bc21351c-1df4-4c54-8c3c-bb3fb2b0234b,tx,78764,vittel,tonia, 570.120000
26ca7602-0db9-4194-bd37-bc195a89e852,tx,78769,mossdale,hilde, 556.740000
b47062a5-e669-4a4a-82ae-bbd8e1ba53e0,tx,78769,sharpling,maura, 307.140000
b2b8ef6c-32a9-4c71-a1df-ee0333cb7153,tx,79105,ewert,ken, 528.850000
deb70753-a66c-46fe-a681-2417f87b164b,tx,79118,cluckie,stillman, 232.360000
dc6f6789-cc17-4769-9e59-b4041d80845b,tx,79118,holyland,issie, 112.080000
21f93549-9677-4ec5-9d9f-d9236473cbe7,tx,79171,brimmell,britte, 622.300000
8c5c50a8-3523-4fb6-8671-674591ca6c0b,tx,79171,govett,jordon, 174.510000
0a9fe182-0598-43fb-ae6c-089dd0101906,tx,79410,dargue,mitch, 569.930000
c3848e90-fa07-461a-ad93-712ef309dbef,tx,79605,guiot,micki, 338.620000
a8607efd-6725-4211-82fa-0d66f9ebdf37,tx,79699,braunroth,loretta, 864.970000
cac1cb45-d60b-4b78-9883-52c101ecb57a,tx,79710,durn,hewitt, 24.360000
3843f49e-56a5-4e22-83ea-1c668658fe38,tx,79710,fenkel,sandie, 825.350000
8e5af68f-7ff3-47ef-a713-92a94c8bd8eb,tx,79710,sherreard,marylinda, 815.220000
c2069bfc-c6c1-44fe-8863-d24068adc36c,tx,79916,gantlett,kahaleel, 726.770000
af427516-75e0-464c-8e25-6e794ba6ffc0,tx,79916,quest,caria, 880.980000
913810cf-e0af-4e6a-a03c-77cb38693adf,tx,79923,sansom,connie, 296.780000
e442a822-4ad3-464e-b6c5-859f56ccc55b,tx,79950,braven,damita, 385.030000
d3fc3538-0bc6-4d68-bbb0-6ad1c83fdf56,tx,79977,willarton,sofia, 824.080000
b93a692b-c204-468e-88a2-f7c87057284a,tx,79989,brute,brad, 567.250000
cafc7741-9da4-40ed-a063-2d96f3a6a66e,tx,88519,akehurst,meggie, 353.190000
f6b0f1cf-7052-49c1-bc95-45ebcd399791,tx,88525,extill,gerry, 433.430000
90a5d9a1-1c39-46a4-a150-1474f39d90d3,tx,88530,marusik,kellyann, 45.190000
72d44608-264e-4050-8aa9-45b97f6deda0,tx,88541,aujean,far, 528.330000
7db29d45-4cd2-4f2d-be92-435aecc2fc64,tx,88546,ritter,teddi, 354.990000
e47d5593-ec4d-4d2a-bda6-b9eabe9a7e03,tx,88569,cicchelli,margaret, 125.560000
feda435b-4d75-4b08-b7c0-8547c7b6eade,tx,88569,halewood,janessa, 851.700000
8d118030-fd2d-4351-bf5e-0758350bd113,tx,88589,pawelek,laura, 941.140000
99964fdb-b9ee-4359-ad03-7d75cba8d44a,tx,88589,petworth,staford, 518.260000
f01dafa4-fb63-4aa2-9d63-f888de90a575,tx,88589,revie,reilly, 214.960000
291d75a6-3d99-4e75-8a1e-5fee1e2b92c9,tx,88589,swatton,curtis, 193.030000
32d67150-18a1-4f93-9828-9ac13e9db267,ut,84105,cawthera,beverie, 824.400000
3c1c509c-5358-44c7-a131-03e7f48ccbed,ut,84115,hembery,der, 582.800000
620f1796-8f14-45cd-abfc-5b84da17c63d,ut,84130,hancock,haleigh, 614.730000
3e5b9ed7-f11d-4b3f-8f46-cc7626ee4d38,ut,84189,ivashnyov,denna, 206.630000
9e6d8f07-a52e-45af-9c53-65c7945632e8,ut,84199,soeiro,pammie, 210.690000
89f10270-ccd2-42a9-8636-732eea26f007,ut,84605,draxford,artemus, 268.790000
f2cd4a7f-c927-456a-b991-a15adee338e1,va,20167,phaup,winnah, 414.090000
80e17666-2da7-442f-ae3d-03e4b4e51c24,va,20167,stenett,brittany, 761.490000
57991e5e-987c-4949-9ddd-51228903a767,va,20189,dooland,benedicto, 464.860000
b51a874f-38a4-48f9-85db-11f62372146e,va,22047,dobey,tobe, 854.570000
2c87b496-f433-4ab5-bd0d-bfd89d292e06,va,22156,bunce,dorelle, 162.350000
ca1f4d35-b856-4edb-9fcb-10b196a3016c,va,22184,malitrott,helli, 317.670000
d827a4d4-d0e3-41d7-8676-62149564c9f6,va,22212,lomath,hillyer, 727.100000
614e0333-0553-42f6-be86-7c875133a3bc,va,22212,mantz,genevra, 780.830000
fc941596-7dd9-48b0-a441-4f9fa30e973d,va,22244,tremoulet,isidor, 1081.930000
39bc1931-3f43-44ef-9edc-f86292b731e9,va,22301,de benedetti,shaine, 164.640000
2c259927-33c6-4107-8537-905f15a7217b,va,22301,muzzlewhite,quinton, 832.190000
61dcdcb6-b67b-48a3-9fe1-8291c4160b7a,va,22333,smallridge,abelard, 919.140000
0812cc58-0631-4681-81ac-ed055d27180d,va,22903,peckitt,deck, 727.210000
ddcc2cfb-c845-44f2-a8d4-04cc154f1403,va,23225,calcut,edward, 110.560000
eac8512f-c813-43ea-9021-b9521ba42e0c,va,23289,dearing,kelley, 408.010000
a87f2202-9d08-40e6-b407-24d994e6fd52,va,23293,brooksbank,sloane, 587.230000
ee99ed7f-5e90-4285-b118-749d49b9d5eb,va,23324,abbotts,faustine, 785.860000
465f5dfc-b2a7-44e5-be44-2eedefb0c017,va,23324,shattock,stanford, 367.820000
e80a7b08-a947-41ab-8d41-79aee27aff56,va,23454,shotter,ricard, 51.550000
3653046d-d6fd-4e38-a275-81ff063b07d0,va,23471,renbold,armin, 799.400000
805bf8f2-8112-4168-b691-34e87108ed04,va,23509,o' bee,hamish, 477.750000
ec2e3500-a8e2-4ca1-9b30-c815b486411d,va,23520,wethered,ilyse, 57.680000
a0060b2b-a6a1-45ec-8912-ea0f9272a32d,va,23605,licciardiello,westbrook, 944.960000
278d6966-7f2f-4a35-8f0a-e60ea4ada5d1,va,23605,phear,rockwell, 170.140000
31dd2771-2431-4db5-bd01-1d96d7a4e7cb,va,23663,culcheth,bastian, 352.660000
0e2472b0-1ee1-4513-9b47-ec0ef94cfc54,va,23668,bending,bron, 280.730000
f6c4b9fb-1eac-4893-876c-066c61ba7ad3,va,23668,whitton,perry, 650.750000
5ec6c8f1-bc08-49f3-b0fe-653d518bc878,va,23705,arnaldi,tawsha, 346.520000
f4687b14-f8e0-4d3b-94d0-28fb0dee8f52,va,24020,struss,moe, 352.590000
1505f1ab-7f5f-4e3a-8225-395b2a95f8f2,va,24040,cahalin,charil, 297.470000
cae576f0-8ccc-4245-9c38-9a6231d6c024,va,24040,frontczak,parke, 790.460000
988c276e-5f5b-4d1e-8252-da2517cb36e6,va,24515,bontoft,findley, 330.390000
7a0ceaa9-2d88-4553-bab8-5b8ad7094217,vt,5609,vala,wernher, 188.420000
1686491b-f208-4baa-af2c-4bc5ed1e40ae,wa,98008,mcghie,quentin, 415.400000
e7ac4976-7718-4a45-a6c6-777ee756a35e,wa,98121,cast,morgan, 597.670000
67b2ad66-22c1-46c6-9e0e-943412fdecbb,wa,98133,filippo,lorie, 905.490000
3c77cd1f-6724-4083-9662-c9f3322fb27c,wa,98148,bein,lani, 342.220000
84c68f34-4b34-4474-b291-c5e6db24532b,wa,98148,carmo,siegfried, 430.480000
69bc89af-6bec-4fff-a152-b178c11b1125,wa,98166,donner,revkah, 791.220000
4c5d62ce-ba54-4d63-92ff-804ff5d22ec2,wa,98185,caldecourt,eward, 137.720000
3175772a-cd91-4ee7-a2e1-4e835d368c52,wa,98405,connock,annis, 665.910000
62edfc5f-bf11-499b-990f-8f47ef5ec9d8,wa,98405,kopta,kirby, 882.280000
3599866a-76b7-4c54-9412-990cbf0104ec,wa,98405,nunan,llywellyn, 64.310000
7adcadfc-cced-47c5-8430-59c74dce59cb,wa,98424,jeves,tonie, 283.060000
b4083c3c-6c86-4493-a57e-dc9184366d39,wa,98424,stitt,beverley, 624.160000
a27865fd-4767-4ae5-8caa-8f669d519e7e,wa,98424,wickliffe,janette, 326.730000
29bdd111-f30b-4e64-af26-a5f387d5e2db,wa,98481,cordey,morey, 125.560000
6c2de3a4-33cb-4eb2-b3bb-ba7e2426851c,wa,98481,okroy,jessy, 241.230000
f33b612a-78b2-4b4c-8d43-757799178e4e,wa,98664,hearfield,salomo, 614.670000
7146ec98-4f6e-49ae-af60-6b731a5f9c79,wa,98664,scurry,ossie, 339.620000
89f45f05-bf58-46cd-8c15-9f3a4aee03d9,wa,98682,smallwood,susannah, 310.460000
9b28cc00-cf43-46d8-91da-4e362ae1bc48,wa,98687,caddy,ulrika, 294.370000
f69a9e09-cedf-4f84-abfa-e650ef54bfbf,wa,98687,kanter,desmund, 625.560000
48c8c46c-ec74-4bc1-833d-0bb7826f0dd6,wa,98687,miguel,glad, 839.030000
7463e23c-d180-485b-8457-93157879eed2,wa,99215,jacobowicz,shay, 576.000000
d503ceee-c317-4650-a05c-21e8c2ef9b7f,wa,99260,allworthy,nessi, 835.570000
f46d5281-ba76-4012-91be-b45937a84dd5,wi,53215,babar,kynthia, 415.790000
781e9eb4-4b06-43da-ba1e-2b3f874aedf9,wi,53220,gabbitas,ophelia, 435.970000
b6cadc40-46af-4791-aa7e-df127fdd09b3,wi,53220,priel,marilin, 366.120000
f42b2729-bfb0-4d86-b010-752442662a75,wi,53225,maleck,basilius, 467.760000
e74bab39-d5db-45d9-9611-bfe70e5d2b65,wi,53234,keaysell,stern, 455.260000
36b2fc42-bd63-4255-89d4-532a94f95ca7,wi,53716,marchetti,georas, 258.270000
83a13dc1-576d-4d93-817d-91a2a606739f,wi,53779,carlos,arvy, 350.840000
260fd0dd-e324-49ed-9942-215c03493a53,wi,53779,jedrzej,tess, 545.100000
d01fe767-c921-4687-84d9-5ea24bd64e03,wv,25321,davioud,mitchell, 237.830000
06e7455e-b963-41a9-b948-8f24b17bfd2a,wv,25336,carass,augustine, 569.360000
105b7ab7-fd6d-4c2f-82c6-9ea9c93af445,wv,25362,danilyak,cherry, 404.960000
c117f14d-1322-45a9-9f9b-63db5105fd6c,wv,25389,clausius,melany, 23.260000
0dca3f5c-cbce-4fb4-bd4e-1ebe34d7f76f,wv,25389,isacq,pansy, 942.880000
3306fab5-c4d5-4c60-ba77-6889f063df35,wv,25389,thomassin,ardyce, 875.020000
e4eb28e6-f960-49eb-8f5d-361df60f00c7,wv,25709,dearell,jerome, 236.990000
d57e9aad-3cbf-4872-855e-457434888b28,wv,25711,attiwill,merwin, 273.480000
204c7145-6ff3-49cc-9399-86cbbc56dfef,wv,25726,adamsen,tatum, 463.140000
11f25016-2afc-4102-9c3e-44de87e939f0,wv,25775,kuhl,zenia, 662.820000
d9d7e76a-09c4-4e4c-a495-5935d9dcccba,wv,25775,mcconnachie,ailene, 868.920000
dc04346d-f15c-4b6a-a798-4bf4bd3a8d83,wv,25775,newhouse,wallace, 448.670000
